0.000000000000000000e+00,2.000000000000000389e-02,1.000000000000000000e+00,0.000000000000000000e+00,0.000000000000000000e+00,0.000000000000000000e+00,0.000000000000000000e+00,0.000000000000000000e+00,9.999999999999998890e-01,1.000000000000000000e+00,1.000000000000000000e+00,9.999999999999999167e-02
1.004016064257028107e-01,9.047201836658410245e-04,9.998969336073851855e-01,6.610413466844051848e-05,3.424706332317996435e-05,1.081510101497143380e-06,7.374875285455351551e-03,1.608643691879813472e-06,9.999983034583944663e-01,1.000000457093112027e+00,9.956506150340753702e-01,1.000013554209161076e-01
2.008032128514056214e-01,4.045606213754636047e-04,9.998839867854171226e-01,4.220431097069580610e-05,6.255518683663667024e-05,1.247981129506664617e-06,1.350535912209577596e-02,6.767420214366409990e-06,9.999920751468579505e-01,1.000001120865685822e+00,9.953040773847235956e-01,1.000027108406003201e-01
3.012048192771084043e-01,5.231877882868596601e-04,9.998699209966889212e-01,2.913540195436567753e-05,7.796667727583536840e-05,1.594492839076543305e-06,1.828674545969502518e-02,1.423096628321945562e-05,9.999832091337649276e-01,1.000001922549251576e+00,9.949753898399129604e-01,1.000040662592244639e-01
4.016064257028112428e-01,6.067204719946476220e-04,9.998528725149874452e-01,2.327676232994854868e-05,8.700865703311331818e-05,2.154773728564713148e-06,2.369792442998102863e-02,2.377729512604863290e-05,9.999731122972882469e-01,1.000002982150757447e+00,9.945719181299669254e-01,1.000054216770568521e-01
5.020080321285140812e-01,6.611984655841531477e-04,9.998330035812376115e-01,2.091425313668602052e-05,9.312288063694520958e-05,2.905181653126464970e-06,3.048482268715143814e-02,3.583767830752821072e-05,9.999624903625097261e-01,1.000004415467202756e+00,9.941203979695648618e-01,1.000067770945314571e-01
6.024096385542168086e-01,7.021940761030806034e-04,9.998100061735989419e-01,2.021954177224345552e-05,9.794648166398331620e-05,3.817353777950705131e-06,3.879742342063052102e-02,5.100508963693900873e-05,9.999516952876537079e-01,1.000006320597358611e+00,9.936358628239617685e-01,1.000081325122183229e-01
7.028112449799196471e-01,7.375965110526606699e-04,9.997833874178677638e-01,2.032174894047842861e-05,1.022621054123591032e-04,4.864167695601687494e-06,4.854001268507397715e-02,6.985620593505075383e-05,9.999409075933655133e-01,1.000008780258043073e+00,9.931250761187108145e-01,1.000094879308154466e-01
8.032128514056224855e-01,7.712438677049350457e-04,9.997526612055100959e-01,2.081720570992242120e-05,1.064374039070351485e-04,6.022059346583358397e-06,5.953357078844877248e-02,9.286989963079690864e-05,9.999302185321122804e-01,1.000011862299087229e+00,9.925906793414018825e-01,1.000108433511283229e-01
9.036144578313253239e-01,8.048803483469287815e-04,9.997174034921340047e-01,2.152195891787245059e-05,1.106469719106612019e-04,7.270650331860090002e-06,7.157795553861535931e-02,1.204216848903376174e-04,9.999196727270311946e-01,1.000015624323550734e+00,9.920332400205189582e-01,1.000121987741188073e-01
1.004016064257028162e+00,8.397684015243035661e-04,9.996773438539797718e-01,2.235277876458059210e-05,1.149727105667059079e-04,8.596055035078096652e-06,8.452417863247957408e-02,1.527365050449258253e-04,9.999092879804014622e-01,1.000020106173117318e+00,9.914526329676190963e-01,1.000135542006611172e-01
1.104417670682730890e+00,8.748798173068101855e-04,9.996322581427909970e-01,2.324967542377975210e-05,1.194860913480195628e-04,9.986706390233445797e-06,9.824681254712265555e-02,1.899861077347693818e-04,9.998990767279825054e-01,1.000025342504565984e+00,9.908481449730817125e-01,1.000149096316360758e-01
1.204819277108433617e+00,9.120451950388670011e-04,9.995819600462998444e-01,2.420447850441808280e-05,1.242027347775363289e-04,1.143043011820793055e-05,1.125938392936386145e-01,2.322929590482896681e-04,9.998890284716994703e-01,1.000031371779687150e+00,9.902186566619988195e-01,1.000162650684351812e-01
1.305220883534136567e+00,9.514078290600455840e-04,9.995263805065609519e-01,2.521647042774381465e-05,1.291350170064604246e-04,1.292152520531276663e-05,1.274922515379581789e-01,2.796836177097892151e-04,9.998791314812575104e-01,1.000038215403759256e+00,9.895630966757412716e-01,1.000176205120540535e-01
1.405622489959839294e+00,9.925875441808725257e-04,9.994654779703766589e-01,2.628567812140065283e-05,1.342978633901606813e-04,1.445574078355772182e-05,1.428865596866949472e-01,3.321581468994350942e-04,9.998693717418631888e-01,1.000045892586196361e+00,9.888802342110216692e-01,1.000189759635192049e-01
1.506024096385542244e+00,1.035728126029775891e-03,9.993992331106206217e-01,2.741169030735565235e-05,1.397106363995716878e-04,1.602921004083429927e-05,1.587233940376485131e-01,3.896852955204144751e-04,9.998597249873408810e-01,1.000054427486524844e+00,9.881683620963028769e-01,1.000203314243153230e-01
1.606425702811244971e+00,1.080936633740674528e-03,9.993276453681612104e-01,2.859476323597418863e-05,1.453808598004405824e-04,1.764082645929034436e-05,1.749864366469774113e-01,4.522462418769367803e-04,9.998501804107172708e-01,1.000063829346716782e+00,9.874267693471989737e-01,1.000216868950541405e-01
1.706827309236947698e+00,1.128464950544106780e-03,9.992507307182012521e-01,2.983819450218754051e-05,1.513326190657852412e-04,1.928909038761829982e-05,1.916471393725937555e-01,5.197657645711970930e-04,9.998406995009470055e-01,1.000074126468573299e+00,9.866529970054401799e-01,1.000230423777446614e-01
1.807228915662650648e+00,1.178325098708809388e-03,9.991684933481991271e-01,3.114286022262699108e-05,1.575681367127266630e-04,2.097463162999485477e-05,2.087119486781647548e-01,5.922359364783961154e-04,9.998312778266839063e-01,1.000085320960429458e+00,9.858467776222722412e-01,1.000243978725671029e-01
1.907630522088353375e+00,1.230716150145002739e-03,9.990809513735759984e-01,3.251283744070231746e-05,1.641092844793110494e-04,2.269766890231140533e-05,2.261737073964277533e-01,6.695886503496071077e-04,9.998218789148534125e-01,1.000097437466774597e+00,9.850058056206099089e-01,1.000257533813228156e-01
2.008032128514056325e+00,1.286002386537234577e-03,9.989880909312681689e-01,3.395763249426912467e-05,1.709989388820038316e-04,2.446340053431514611e-05,2.440762949116583314e-01,7.517554658648983087e-04,9.998124324290916798e-01,1.000110523063744594e+00,9.841254919808561930e-01,1.000271089072530262e-01
2.108433734939759052e+00,1.344158245944720564e-03,9.988899124809466068e-01,3.547660064405472715e-05,1.782341223842615942e-04,2.627151412328283239e-05,2.624172540325245828e-01,8.387417988062716157e-04,9.998029432657292714e-01,1.000124574469571037e+00,9.832061546794311768e-01,1.000284644501297227e-01
2.208835341365461780e+00,1.405079145041491454e-03,9.987864179032929224e-01,3.706710402394053296e-05,1.858026527860890396e-04,2.812073151447208591e-05,2.811865314831744622e-01,9.305698071350222440e-04,9.997934314574584702e-01,1.000139578257326134e+00,9.822490946751275542e-01,1.000298200090198875e-01
2.309236947791164507e+00,1.469367367663869904e-03,9.986774997536435050e-01,3.874443043982423970e-05,1.937727928553117462e-04,3.002106181955326001e-05,3.004764560400562945e-01,1.027224149129955756e-03,9.997837910601818923e-01,1.000155611713150927e+00,9.812470892063250849e-01,1.000311755887584586e-01
2.409638554216867234e+00,1.537069861521686738e-03,9.985631496567430876e-01,4.050977156817454623e-05,2.021498636389557795e-04,3.197328524354270087e-05,3.202942246829729167e-01,1.128703628911934681e-03,9.997740138156128165e-01,1.000172680861459495e+00,9.801995752625354275e-01,1.000325311897223429e-01
2.510040160642570406e+00,1.607996524767097389e-03,9.984434015258861761e-01,4.235830204265191999e-05,2.109123190195263205e-04,3.397424256065837090e-05,3.406106952202310190e-01,1.235013088864852842e-03,9.997641331634141704e-01,1.000190761308042076e+00,9.791088325999928177e-01,1.000338868103854278e-01
2.610441767068273133e+00,1.682840134093874359e-03,9.983180009935911370e-01,4.430766476984150410e-05,2.201382063559429792e-04,3.603712798213118016e-05,3.615544682981204350e-01,1.346276018600441699e-03,9.997540375302538251e-01,1.000209945985135684e+00,9.779667258161480747e-01,1.000352424558038356e-01
2.710843373493975861e+00,1.761765221806340861e-03,9.981868876483744879e-01,4.636204988503726408e-05,2.298460616525558307e-04,3.816507509198185884e-05,3.831560861690898045e-01,1.462521746516382178e-03,9.997437004178132414e-01,1.000230256963856590e+00,9.767713227782662821e-01,1.000365981271783278e-01
2.811244979919678588e+00,1.844494501005312448e-03,9.980501633019321917e-01,4.851439573777728163e-05,2.400046461128826393e-04,4.035280284950524307e-05,4.053640758624639240e-01,1.583700845355915862e-03,9.997331664838062792e-01,1.000251657047670939e+00,9.755258797167704055e-01,1.000379538224852177e-01
2.911646586345381316e+00,1.931651723223385634e-03,9.979074983574242053e-01,5.078039023978008420e-05,2.506822453009711145e-04,4.261240004031480974e-05,4.282992268375180878e-01,1.710033243825987738e-03,9.997223466878175646e-01,1.000274231784139767e+00,9.742234202236518259e-01,1.000393095457583204e-01
3.012048192771084487e+00,2.023584245942892067e-03,9.977587092675201941e-01,5.316876974395675585e-05,2.619168863804717919e-04,4.495059872023037770e-05,4.520288048567767669e-01,1.841641416787089414e-03,9.997111914446310532e-01,1.000298028813362272e+00,9.728600592462975927e-01,1.000406652992440887e-01
3.112449799196787215e+00,2.120088515284939724e-03,9.976038969184730654e-01,5.567438661516817283e-05,2.736859753248604456e-04,4.736339272444171905e-05,4.765129557854845266e-01,1.978461005711334118e-03,9.996997309873134618e-01,1.000323020121960393e+00,9.714381237636352528e-01,1.000420210815723965e-01
3.212851405622489942e+00,2.222352035634816200e-03,9.974423426507779133e-01,5.832672416426189167e-05,2.861152820729357901e-04,4.987296165892335706e-05,5.019756845225886721e-01,2.121011976033485708e-03,9.996878118622247733e-01,1.000349367265445322e+00,9.699450193211103244e-01,1.000433768996895900e-01
3.313253012048192669e+00,2.329839620817676996e-03,9.972743703509283630e-01,6.111249481053528522e-05,2.991481244487918779e-04,5.246930958713130305e-05,5.283160362198383586e-01,2.269059988987700682e-03,9.996755032280707498e-01,1.000376997433748194e+00,9.683864220055152794e-01,1.000447327504651041e-01
3.413654618473895397e+00,2.442930048449798702e-03,9.970997106485742778e-01,6.404120521199692362e-05,3.128248249238944510e-04,5.515943448126855433e-05,5.556051523291919425e-01,2.422811747214272636e-03,9.996627596326598253e-01,1.000405963863342684e+00,9.667583818401219720e-01,1.000460886359502005e-01
3.514056224899598568e+00,2.563215462610210753e-03,9.969172312793239676e-01,6.715281541013117742e-05,3.273148739365311518e-04,5.797275143750085980e-05,5.841420669979749958e-01,2.583136099268981255e-03,9.996493900234201258e-01,1.000436490327054617e+00,9.650442955944597001e-01,1.000474445647673016e-01
3.614457831325301296e+00,2.689335015392962241e-03,9.967278979207416789e-01,7.041311664766246791e-05,3.424728821249406084e-04,6.088397085327293032e-05,6.136697851953034633e-01,2.749293395882777390e-03,9.996355590313650286e-01,1.000468384942016842e+00,9.632584343922446779e-01,1.000488005294817018e-01
3.714859437751004023e+00,2.822664128344625628e-03,9.965307006842384352e-01,7.385581513938481403e-05,3.584373827356643121e-04,6.391626921215750625e-05,6.444254213962472555e-01,2.922079273125396601e-03,9.996211217770640811e-01,1.000501831669203145e+00,9.613876635917825153e-01,1.000501565365609635e-01
3.815261044176706751e+00,2.963282765784224036e-03,9.963255907096314479e-01,7.748312326376065209e-05,3.752188772404950598e-04,6.707168745290106437e-05,6.764293449600909947e-01,3.101526005163750353e-03,9.996060635787895610e-01,1.000536844106048262e+00,9.594308445025747645e-01,1.000515125866855981e-01
3.915662650602409478e+00,3.111714629505081976e-03,9.961121899523317502e-01,8.130804109265723253e-05,3.928717222807743474e-04,7.035950614600299381e-05,7.097761677052292217e-01,3.287927343174977535e-03,9.995903251577418214e-01,1.000573494205203362e+00,9.573827294191962212e-01,1.000528686825183367e-01
4.016064257028112650e+00,3.268680870687461736e-03,9.958899363338045152e-01,8.534812214830618266e-05,4.114653587173638829e-04,7.379028587397319899e-05,7.445745061913188190e-01,3.481738474126245056e-03,9.995738437067805959e-01,1.000611873066912905e+00,9.552371947484570303e-01,1.000542248267306672e-01
4.116465863453814933e+00,3.434879557825799064e-03,9.956582892898784287e-01,8.962038763493191057e-05,4.310674640007368516e-04,7.737443758039098387e-05,7.809313397632965392e-01,3.683395712443860315e-03,9.995565568312437810e-01,1.000652069552984136e+00,9.529882192922292106e-01,1.000555810219930231e-01
4.216867469879518104e+00,3.610803266406472072e-03,9.954168997874349722e-01,9.413711980959404589e-05,4.517300168664125227e-04,8.112104005216285113e-05,8.189390725047963615e-01,3.893167360251764946e-03,9.995384058085459156e-01,1.000694152597604303e+00,9.506306934217446658e-01,1.000569372709667754e-01
4.317269076305221276e+00,3.797063480818747058e-03,9.951653080045065325e-01,9.891339591665058550e-05,4.735144762104551500e-04,8.504000109094901247e-05,8.586990712024656913e-01,4.111418276157876445e-03,9.995193292182712463e-01,1.000738202927298426e+00,9.481589461657868867e-01,1.000582935763358883e-01
4.417670682730923559e+00,3.994818197554953106e-03,9.949025458140592360e-01,1.039782824636575659e-04,4.965344510099233910e-04,8.914629841587805770e-05,9.003653471905510575e-01,4.338942712879100515e-03,9.994992408301958120e-01,1.000784361123973509e+00,9.455639931722924496e-01,1.000596499412629847e-01
4.518072289156626731e+00,4.204514610608535430e-03,9.946283061988667740e-01,1.093426512957236085e-04,5.208357230013077859e-04,9.344831572924818322e-05,9.440234414514520056e-01,4.575976446194758920e-03,9.994780866821346699e-01,1.000832689920656327e+00,9.428411595260288713e-01,1.000610063682881440e-01
4.618473895582329014e+00,4.426840710649411308e-03,9.943420581792874469e-01,1.150235380154761912e-04,5.464870515754109486e-04,9.795667057094227493e-05,9.897820904869796266e-01,4.822944445634426945e-03,9.994558018805447253e-01,1.000883278423032374e+00,9.399843104152832973e-01,1.000623628601622489e-01
4.718875502008032186e+00,4.663094596844005214e-03,9.940429068208416208e-01,1.210514788198857356e-04,5.736044679977276130e-04,1.026873973735671988e-04,1.037806762950369555e+00,5.080562087186821403e-03,9.994322888076005995e-01,1.000936265726676044e+00,9.369840894824343902e-01,1.000637194205351022e-01
4.819277108433734469e+00,4.914612786221964763e-03,9.937299342712124783e-01,1.274578600235490495e-04,6.023069801918822398e-04,1.076568716655264886e-04,1.088266499856239689e+00,5.349563033417040724e-03,9.994074477848650107e-01,1.000991794074970853e+00,9.338309375126455647e-01,1.000650760531130029e-01
4.919678714859437640e+00,5.181957283070743984e-03,9.934026847068226918e-01,1.342569293789781782e-04,6.326535859857439258e-04,1.128745924074300947e-04,1.141258322612173304e+00,5.630312285407347225e-03,9.993812206763043049e-01,1.001049942250773483e+00,9.305193849380373194e-01,1.000664327604613296e-01
5.020080321285140812e+00,5.466061304259950925e-03,9.930604827725166839e-01,1.414711580311795607e-04,6.647320009341386353e-04,1.183533515117421821e-04,1.196913738343088784e+00,5.923349673205865681e-03,9.993535293839239664e-01,1.001110819246798345e+00,9.270420083934567401e-01,1.000677895456929811e-01
5.120481927710843095e+00,5.769987390180322806e-03,9.927015770149171248e-01,1.491710623247021741e-04,6.987904320765006864e-04,1.241245532129928099e-04,1.255558981920987138e+00,6.230039201983381125e-03,9.993241763912935616e-01,1.001174687624625914e+00,9.233807817962593756e-01,1.000691464151306914e-01
5.220883534136546267e+00,6.094103068087408995e-03,9.923255779619579720e-01,1.573663494116142906e-04,7.348739577802645322e-04,1.301960447559234529e-04,1.317273827860407254e+00,6.550701746189007205e-03,9.992931153258787225e-01,1.001241615578889688e+00,9.195310985665788861e-01,1.000705033710346387e-01
5.321285140562248550e+00,6.439679454157279728e-03,9.919316394939947656e-01,1.660871146609743838e-04,7.730957617645831722e-04,1.365835716157870830e-04,1.382220684354158013e+00,6.886007923043219528e-03,9.992602491393441921e-01,1.001311736471927727e+00,9.154838528091761019e-01,1.000718604170271336e-01
5.421686746987951722e+00,6.809298097418286198e-03,9.915183130389791932e-01,1.753938340294130302e-04,8.136685295503336265e-04,1.433139884465097023e-04,1.450678094390858597e+00,7.237074605193745402e-03,9.992254067798350681e-01,1.001385268422091190e+00,9.112237929443243178e-01,1.000732175585275774e-01
5.522088353413654893e+00,7.205893213829006258e-03,9.910839878913823009e-01,1.853551595724270526e-04,8.568317248293653206e-04,1.504171396316572769e-04,1.522955855442603701e+00,7.605138762652592123e-03,9.991883972794861624e-01,1.001462452357479993e+00,9.067340134504868754e-01,1.000745748014390674e-01
5.622489959839357176e+00,7.630392496205480081e-03,9.906279758154435955e-01,1.959932248597001062e-04,9.026724550186247548e-04,1.579058592790974610e-04,1.599185940413799356e+00,7.990754063085745915e-03,9.991491429839641780e-01,1.001543399428538539e+00,9.020070190236223473e-01,1.000759321489129022e-01
5.722891566265060348e+00,8.084591605655649244e-03,9.901491895396316023e-01,2.073502861147827976e-04,9.513437327882228985e-04,1.658003396874058535e-04,1.679577244364896194e+00,8.394769752494455478e-03,9.991075172225296619e-01,1.001628276924056316e+00,8.970312437510663539e-01,1.000772896052907202e-01
5.823293172690762631e+00,8.575092015759249245e-03,9.896446281654893706e-01,2.195769421726331784e-04,1.003343348940610637e-03,1.741573297686386450e-04,1.764722370946223640e+00,8.819406416758513237e-03,9.990631414760852147e-01,1.001717511665361826e+00,8.917754792839976963e-01,1.000786471802538324e-01
5.923694779116465803e+00,9.102640246644722391e-03,9.891136221790318706e-01,2.326917973406852967e-04,1.058749048775479854e-03,1.829890412683433628e-04,1.854746449068762848e+00,9.265213929219110953e-03,9.990159440540711255e-01,1.001811214283557350e+00,8.862324477848341209e-01,1.000800048769781986e-01
6.024096385542168974e+00,9.669775221537101409e-03,9.885547883491143661e-01,2.467538640016612864e-04,1.117767168001673099e-03,1.923213202941213482e-04,1.949917717777052140e+00,9.733253625922068386e-03,9.989657593351348730e-01,1.001909592206474242e+00,8.803875454615167628e-01,1.000813627006312545e-01
6.124497991967871258e+00,1.028130399675791784e-02,9.879659811286002347e-01,2.618715455925456977e-04,1.180752962045868073e-03,2.021949212433157318e-04,2.050661772404149819e+00,1.022511328418650167e-02,9.989123159024259069e-01,1.002012951467668556e+00,8.742184096381941938e-01,1.000827206583201484e-01
6.224899598393574429e+00,1.094396541969254628e-02,9.873444098308964412e-01,2.781952612787748900e-04,1.248188117756251049e-03,2.126632272434532823e-04,2.157537533630955906e+00,1.074282551265132689e-02,9.988552526154359512e-01,1.002121681383364882e+00,8.676961136743158720e-01,1.000840787587868319e-01
6.325301204819276712e+00,1.166042044118924953e-02,9.866886456205981037e-01,2.957867375111514641e-04,1.320287432737342337e-03,2.237529629205034195e-04,2.270822480224465423e+00,1.128748390738179390e-02,9.987943977349849067e-01,1.002235995465006635e+00,8.608055870700993539e-01,1.000854370073221145e-01
6.425702811244979884e+00,1.243966844884734045e-02,9.859954762919164173e-01,3.148400757261000200e-04,1.397637000587442823e-03,2.355260898983575107e-04,2.391169682135629415e+00,1.186137076441364652e-02,9.987293251807901617e-01,1.002356328684217646e+00,8.535140022548192151e-01,1.000867954134275761e-01
6.526104417670683056e+00,1.328850324328724117e-02,9.852622750701787169e-01,3.355038925776091712e-04,1.480698302486157776e-03,2.480329615536157827e-04,2.519108033012810388e+00,1.246638328432978123e-02,9.986596931556390722e-01,1.002483044408845725e+00,8.457943123127323881e-01,1.000881539852610802e-01
6.626506024096385339e+00,1.421187185318817554e-02,9.844869053357034883e-01,3.578887394740353899e-04,1.569828551080042168e-03,2.613142137730336298e-04,2.655062465000590954e+00,1.310409615158277842e-02,9.985852303968848487e-01,1.002616446028110841e+00,8.376243100285463150e-01,1.000895127298544324e-01
6.726907630522088510e+00,1.522603330508083379e-02,9.836642036476798134e-01,3.823520280640739879e-04,1.666072853985789849e-03,2.754715734688932007e-04,2.800103826275284646e+00,1.377801142600902293e-02,9.985052081149206060e-01,1.002757187981874631e+00,8.289517774329636657e-01,1.000908716604458210e-01
6.827309236947790794e+00,1.633626333685456525e-02,9.827919478895167371e-01,4.090101078524465534e-04,1.769803471918948061e-03,2.905472942664703980e-04,2.954674902525042945e+00,1.448976462987353921e-02,9.984193443102041821e-01,1.002905585500189822e+00,8.197536720086012751e-01,1.000922307843167547e-01
6.927710843373493965e+00,1.755628594270990453e-02,9.818669947276297272e-01,4.380679548619023211e-04,1.881601492931300051e-03,3.066022834415385264e-04,3.119428680992314629e+00,1.524156527395112599e-02,9.983272194450345527e-01,1.003062060467954986e+00,8.099991047694634627e-01,1.000935901106389248e-01
7.028112449799197137e+00,1.891837033238753449e-02,9.808847698985936336e-01,4.700263723627823341e-04,2.002381003850025893e-03,3.237249530471295023e-04,3.295355351514768660e+00,1.603635712823204065e-02,9.982282332298183514e-01,1.003227181058261586e+00,7.996488383019207946e-01,1.000949496512043846e-01
7.128514056224899420e+00,2.040917044233288291e-02,9.798389449555338082e-01,5.052875292839599649e-04,2.133582329545479200e-03,3.420389339900836993e-04,3.483667989761428885e+00,1.687829697478017421e-02,9.981214722042566212e-01,1.003401705486006490e+00,7.886321790822525823e-01,1.000963094208407317e-01
7.228915662650602592e+00,2.206499438643764674e-02,9.787237362380672989e-01,5.441954175728492670e-04,2.276499058195228121e-03,3.616599626258750226e-04,3.685617474171026142e+00,1.777121583514557415e-02,9.980060670792409994e-01,1.003586343037311757e+00,7.768936771650304385e-01,1.000976694333757105e-01
7.329317269076304875e+00,2.391270012519740307e-02,9.775333152918673774e-01,5.872637671235895638e-04,2.432421826523242792e-03,3.827045042419103659e-04,3.902449617353773270e+00,1.871882354370842452e-02,9.978811512002643269e-01,1.003781779035100463e+00,7.643770316886575600e-01,1.000990297018922032e-01
7.429718875502008046e+00,2.598305278342306207e-02,9.762611898392081766e-01,6.351161613603025294e-04,2.602865939840599222e-03,4.053025633474795220e-04,4.135552966189469437e+00,1.972511936519409995e-02,9.977457526781207120e-01,1.003988747829055228e+00,7.510208568159095766e-01,1.001003902399792284e-01
7.530120481927711218e+00,2.831120130331631762e-02,9.749000030062451305e-01,6.884643135941355364e-04,2.789561265566820568e-03,4.296015011380078770e-04,4.386501473469683887e+00,2.079461557357378809e-02,9.975987671043397009e-01,1.004208076942900485e+00,7.367557437122660424e-01,1.001017510628797180e-01
7.630522088353413501e+00,3.094657572945621118e-02,9.734398460323856472e-01,7.483284498229341450e-04,2.994963549979318823e-03,4.558002065490041033e-04,4.657417798501349182e+00,2.193319142974417199e-02,9.974386886204228420e-01,1.004440836217634470e+00,7.214900530402890144e-01,1.001031121896064496e-01
7.730923694779116673e+00,3.394819057485520819e-02,9.718698867424946375e-01,8.158789481305070727e-04,3.221841197859671383e-03,4.841163079705723682e-04,4.950629918480161429e+00,2.314712477159494575e-02,9.972638541524847522e-01,1.004688162421902842e+00,7.051256285247506916e-01,1.001044736398925272e-01
7.831325301204818956e+00,3.738360559547018042e-02,9.701783893568208805e-01,8.924410896140282231e-04,3.473281354357048416e-03,5.147857491169722556e-04,5.268663978531643366e+00,2.444306359651590363e-02,9.970724487890281207e-01,1.004951253638862063e+00,6.875580361222679571e-01,1.001058354340355755e-01
7.931726907630522128e+00,4.135590083044948101e-02,9.683502953089674348e-01,9.799286260089707084e-04,3.753489559355863321e-03,5.481111465225751034e-04,5.614774622597938247e+00,2.582905531099341859e-02,9.968621099200214442e-01,1.005231545572836893e+00,6.686606498745460980e-01,1.001071975950013071e-01
8.032128514056225299e+00,4.597259986750834582e-02,9.663696582725082029e-01,1.080415377610750112e-03,4.066989020835964051e-03,5.844125308356442955e-04,5.992400097874922338e+00,2.731349793647966026e-02,9.966303279149538730e-01,1.005530532548564615e+00,6.482999400788868050e-01,1.001085601464405117e-01
8.132530120481927582e+00,5.137249991579444230e-02,9.642173161854253882e-01,1.196553539574255658e-03,4.419409581748533905e-03,6.240741345783922282e-04,6.405675166181816316e+00,2.890610910208032611e-02,9.963740623894794535e-01,1.005849931623472804e+00,6.263204997261595519e-01,1.001099231144554208e-01
8.232931726907629866e+00,5.778424643915165693e-02,9.618693335243325704e-01,1.332133922800095988e-03,4.818069016217188527e-03,6.675722909300682963e-04,6.859766672926002506e+00,3.061825349303245319e-02,9.960895433096680351e-01,1.006191745120483594e+00,6.025497784433319071e-01,1.001112865281328368e-01
8.333333333333333925e+00,6.547864274420363284e-02,9.592967696436429659e-01,1.492016149635967117e-03,5.272152371524999569e-03,7.154792133403126315e-04,7.360852181794616200e+00,3.246303891391282698e-02,9.957722084645562743e-01,1.006558263718157153e+00,5.767841704739669062e-01,1.001126504193887989e-01
8.433734939759036209e+00,7.481844106383542248e-02,9.564638998486111321e-01,1.682650550549977296e-03,5.793421292477770289e-03,7.684955267267648592e-04,7.916502324558705617e+00,3.445575145791450467e-02,9.954164479461607984e-01,1.006952143132128219e+00,5.487887801226094542e-01,1.001140148235601934e-01
8.534136546184738492e+00,8.630646037952008354e-02,9.533269688784313800e-01,1.912516397070520733e-03,6.396744466811390105e-03,8.274718732366987501e-04,8.535925786614395605e+00,3.661405561389660668e-02,9.950154368079090483e-01,1.007376438165327182e+00,5.183019347653389231e-01,1.001153797794829270e-01
8.634538152610442552e+00,1.007158948153339117e-01,9.498288383366702003e-01,2.193814601004965940e-03,7.102214469379788432e-03,8.935038902084008368e-04,9.230994915395729805e+00,3.895921325164058285e-02,9.945604035009812938e-01,1.007834808743774735e+00,4.850327946528771861e-01,1.001167453309623062e-01
8.734939759036144835e+00,1.191097863008321461e-01,9.458946801899889012e-01,2.543970081166574328e-03,7.937032256837228683e-03,9.680014318679671867e-04,1.001695425953828256e+01,4.151676030071691642e-02,9.940401179576027202e-01,1.008331631393147187e+00,4.486455680173366822e-01,1.001181115272419542e-01
8.835341365461847118e+00,1.430530634425327408e-01,9.414270041269330314e-01,2.987351396799779301e-03,8.937682444493139089e-03,1.052772286203523550e-03,1.091334968952367213e+01,4.431728297773424724e-02,9.934402576518974737e-01,1.008872131930636185e+00,4.087840677312857829e-01,1.001194784235313745e-01
8.935742971887549402e+00,1.751046954903899833e-01,9.362899782707242435e-01,3.561247009572543303e-03,1.015629457871044215e-02,1.150281681155165218e-03,1.194679774622331259e+01,4.739889888982559696e-02,9.927415868206787009e-01,1.009462821014279976e+00,3.651145857479456414e-01,1.001208460833949571e-01
9.036144578313253461e+00,2.194494496464605426e-01,9.302894487296715642e-01,4.324184808244437538e-03,1.166885517425672765e-02,1.263967954599970857e-03,1.315425457825669042e+01,5.080969813648344990e-02,9.919179128781511201e-01,1.010111933109292481e+00,3.174006293297731429e-01,1.001222145805858860e-01
9.136546184738955745e+00,2.829850953139949610e-01,9.231481974320054906e-01,5.367761038573158963e-03,1.358504902304031280e-02,1.398619162939778240e-03,1.458686773504142664e+01,5.460973477609207954e-02,9.909340371835593242e-01,1.010829835114674502e+00,2.656973273373384181e-01,1.001235840001953870e-01
9.236947791164658028e+00,3.771802862359053821e-01,9.144279557096514077e-01,6.847134100732203341e-03,1.608231748137975425e-02,1.561597627969778896e-03,1.632290279295388302e+01,5.888041825714165206e-02,9.897377224440538912e-01,1.011630711472661703e+00,2.105004606856940297e-01,1.001249544454861223e-01
9.337349397590362088e+00,5.216014556693988613e-01,9.034648084876565344e-01,9.009611201499762023e-03,1.943363306930982054e-02,1.763878933546920080e-03,1.847926026241176700e+01,6.372948059649735653e-02,9.882537382584903884e-01,1.012533663974255704e+00,1.533930570052141340e-01,1.001263260404983563e-01
9.437751004016064371e+00,7.511350701937892227e-01,8.891835955245295242e-01,1.227554081014267488e-02,2.408621602305525272e-02,2.023120104017597266e-03,2.124492543006813605e+01,6.930758796100201791e-02,9.863664744471241086e-01,1.013566251361559090e+00,9.818518934106858220e-02,1.001276989416031438e-01
9.538152610441766655e+00,1.120230799066414873e+00,8.698938770059145842e-01,1.731124899496573610e-02,3.076100956330574121e-02,2.367470731268469381e-03,2.492719689810721917e+01,7.582739249797820769e-02,9.838977059922134893e-01,1.014768997832812047e+00,5.115431216987997853e-02,1.001290733499556329e-01
9.638554216867468938e+00,1.703049980686910825e+00,8.431040438593822017e-01,2.503975527693444794e-02,4.058106884793118152e-02,2.840731526658109903e-03,3.003156790134963927e+01,8.358953549758293966e-02,9.805713672730950181e-01,1.016202805496783990e+00,1.963259771159646741e-02,1.001304495331180322e-01
9.738955823293172998e+00,2.577582515858752199e+00,8.055134317831036395e-01,3.644775998721100363e-02,5.518992569327006020e-02,3.508896318895151668e-03,3.739291388685216333e+01,9.302922244554910625e-02,9.759537381344970397e-01,1.017962507616468448e+00,5.179120983560534831e-03,1.001318278687695629e-01
9.839357429718875281e+00,3.824773248090937994e+00,7.537219564537016581e-01,5.210164271923269086e-02,7.652312307191286300e-02,4.460246849778293048e-03,4.827358237828404697e+01,1.047036990661166511e-01,9.694402249243592173e-01,1.020185292415770162e+00,1.303136249712723250e-03,1.001332088784598756e-01
9.939759036144577564e+00,5.567835247669664867e+00,6.846663272895112673e-01,7.194521732560944793e-02,1.065660357728658858e-01,5.817615555898849461e-03,6.463281430949012929e+01,1.192703449167239749e-01,9.602359074861152033e-01,1.023073635859727437e+00,6.113775214505437396e-04,1.001345933219064677e-01
1.004016064257028162e+01,7.986026612886226062e+00,5.965412502555421659e-01,9.503880811804453488e-02,1.468710777340999363e-01,7.749823726878801375e-03,8.949467607511763845e+01,1.373168563746032245e-01,9.474427407478746010e-01,1.026917081509394203e+00,4.032936812791415430e-04,1.001359822859401172e-01
1.014056224899598391e+01,1.128737610945137249e+01,4.904916617307821802e-01,1.188714060005726658e-01,1.978995384350388520e-01,1.048354440617795501e-02,1.275941756290935984e+02,1.590327611916545203e-01,9.302110466529929234e-01,1.032129730745250606e+00,2.804531467077381410e-04,1.001373773387551208e-01
1.024096385542168619e+01,1.566343495226212568e+01,3.728187615639886321e-01,1.387939449008927517e-01,2.579714509622974550e-01,1.430327603685015853e-02,1.860491942249026067e+02,1.837046764009089284e-01,9.080069172649239961e-01,1.039293958580734811e+00,2.003210292618644382e-04,1.001387807373494976e-01
1.034136546184739025e+01,2.122238353202978800e+01,2.557166827217230431e-01,1.487917802841407511e-01,3.225122883938249529e-01,1.951871421606787491e-02,2.744259936440224124e+02,2.091647512013488364e-01,8.809495160110287770e-01,1.049167721610306137e+00,1.476955034521659576e-04,1.001401955362001689e-01
1.044176706827309253e+01,2.792579910599349446e+01,1.552384310870529027e-01,1.439717772962861297e-01,3.838211263151606878e-01,2.645195916041284331e-02,4.043986654197792632e+02,2.317985801096639487e-01,8.500826095225461065e-01,1.062781898051386120e+00,1.132132001740583746e-04,1.001416261342655267e-01
1.054216867469879482e+01,3.551830308422668736e+01,8.357226362822144095e-02,1.248274416312535606e-01,4.334362271330456373e-01,3.534598639232781891e-02,5.861187470721498585e+02,2.479725707061598006e-01,8.174431010116888219e-01,1.081408960402544306e+00,9.021694368086366803e-05,1.001430784284650655e-01
1.064257028112449710e+01,4.356248722336597012e+01,4.246865166661691060e-02,9.804282299821133473e-02,4.656315969374916763e-01,4.630293171368797533e-02,8.245584593033253213e+02,2.562770248459119715e-01,7.856406535955565706e-01,1.106570250617760598e+00,7.496686843185606315e-05,1.001445602061160761e-01
1.074297188755020116e+01,5.155533881457132850e+01,2.356896505411694778e-02,7.238834929029044907e-02,4.798601440103675841e-01,5.924177598275062739e-02,1.118366231438953719e+03,2.584886486454386900e-01,7.572033245739554497e-01,1.140014120972370648e+00,6.513437213295013664e-05,1.001460814848767616e-01
1.084337349397590344e+01,5.907734054881447605e+01,1.613641833212401538e-02,5.305525383020420066e-02,4.798797685633449661e-01,7.391530855162267710e-02,1.462908592164661059e+03,2.578338227570350916e-01,7.340081729210290451e-01,1.183692615993025887e+00,5.905289766156132441e-05,1.001476547846754106e-01
1.094377510040160573e+01,6.586748050928983389e+01,1.306728796766507862e-02,4.051225548269863502e-02,4.707720115066743038e-01,8.996973418489014052e-02,1.853168564731673541e+03,2.568169351409919643e-01,7.171274504893108137e-01,1.239775325972453768e+00,5.539990011594436817e-05,1.001492954095501292e-01
1.104417670682730979e+01,7.181173072195630880e+01,1.146492080746095051e-02,3.292670525092789013e-02,4.566490405267293329e-01,1.070122203432331554e-01,2.284042544822902528e+03,2.565497493392410178e-01,7.070111229405238173e-01,1.310710438854834514e+00,5.360911379589205605e-05,1.001510218162667692e-01
1.114457831325301207e+01,7.689043889185315095e+01,1.040234914205605612e-02,2.841717024086015675e-02,4.401720595260397717e-01,1.246588061629921446e-01,2.749335660388890119e+03,2.573898855090110405e-01,7.037752966240767849e-01,1.399322244596669540e+00,5.344625298389738357e-05,1.001528560116221739e-01
1.124497991967871435e+01,8.113702229083294526e+01,9.617454968214304845e-03,2.568051338518427193e-02,4.228802633985360160e-01,1.425596168233542183e-01,3.241640777733128289e+03,2.594165598852677390e-01,7.074030301607800997e-01,1.508942784647420821e+00,5.469093441776459285e-05,1.001548241454219834e-01
1.134538152610441841e+01,8.461050669305870997e+01,9.016649757349962102e-03,2.394681099307775438e-02,4.056102049670102794e-01,1.604107780298787977e-01,3.752833137072027512e+03,2.626316273460463924e-01,7.178693593645735227e-01,1.643578852681516711e+00,5.699163173225785153e-05,1.001569573493930471e-01
1.144578313253012070e+01,8.738034582798162830e+01,8.555455864056779255e-03,2.278693207783578228e-02,3.887957006120650316e-01,1.779569871286594274e-01,4.274679155786100637e+03,2.670124839549355422e-01,7.352062181337364333e-01,1.808097736223679863e+00,6.072671521434063380e-05,1.001592927349922724e-01
1.154618473895582298e+01,8.951789581957726227e+01,8.201770561951827673e-03,2.196906689165452689e-02,3.726496864171822132e-01,1.949909821462243731e-01,4.799339126849303284e+03,2.725316769750787405e-01,7.595390284697459693e-01,2.008490700759825387e+00,6.577551876898160208e-05,1.001618749485127524e-01
1.164658634538152526e+01,9.109231362241372665e+01,7.932688026347042842e-03,2.136192872060791587e-02,3.572726313255674135e-01,2.113471783116225855e-01,5.319660155707345439e+03,2.791585779979693371e-01,7.910981488388877381e-01,2.252080277507401807e+00,7.247866683006888458e-05,1.001647574002333257e-01
1.174698795180722932e+01,9.216852953992517428e+01,7.732382396854423773e-03,2.089187698595724660e-02,3.427004759223064023e-01,2.268985472891699717e-01,5.829383072136779447e+03,2.868595753514687763e-01,8.302305839643963070e-01,2.547916661464372012e+00,8.102815220390433037e-05,1.001680047787028849e-01
1.184738955823293161e+01,9.280635481791348695e+01,7.588372424011175475e-03,2.051717770308779040e-02,3.289335627373895510e-01,2.415516582094315579e-01,6.323220591581602093e+03,2.955993956739270123e-01,8.774079600330368933e-01,2.907261502782146678e+00,9.179981085091297704e-05,1.001716960781351001e-01
1.194779116465863389e+01,9.306053274523432606e+01,7.490571014046370525e-03,2.021269375799470552e-02,3.159532987913893920e-01,2.552403570882232908e-01,6.796800973920184333e+03,3.053405303046535790e-01,9.332238667749099825e-01,3.343926266766985123e+00,1.052778818757394954e-04,1.001759268371367473e-01
1.204819277108433795e+01,9.298085167988135424e+01,7.431289029266415457e-03,1.996112291290128363e-02,3.037316274857975729e-01,2.679206767441959514e-01,7.246609257178836742e+03,3.160414835510756415e-01,9.983918542478381619e-01,3.874771991107676783e+00,1.220692231320650434e-04,1.001808126236012342e-01
1.214859437751004023e+01,9.261194168952376060e+01,7.403801817167713489e-03,1.975045943617285277e-02,2.922336391925117183e-01,2.795690631273295423e-01,7.669983381339881817e+03,3.276568753300643788e-01,1.073762534952393155e+00,4.520669818642465643e+00,1.429540277834371318e-04,1.001864950473779631e-01
1.224899598393574252e+01,9.199395249626614657e+01,7.402573604220567642e-03,1.957120466779855780e-02,2.814208038751099816e-01,2.901771277412223404e-01,8.064957349593850267e+03,3.401362476561174963e-01,1.160317165227471969e+00,5.307014128743198000e+00,1.689092445584937006e-04,1.001931452091217312e-01
1.234939759036144658e+01,9.116239588218626011e+01,7.422764071214946364e-03,1.941530229884544725e-02,2.712520696109020912e-01,2.997499826945728696e-01,8.430234144396434203e+03,3.534233927702270517e-01,1.259187534937745934e+00,6.265248191484136697e+00,2.011892199899712277e-04,1.002009733617003351e-01
1.244979919678714886e+01,9.014916998052237318e+01,7.460430798763537617e-03,1.927549287130024547e-02,2.616852541464516069e-01,3.083011317057915424e-01,8.764978586492423346e+03,3.674559895021831668e-01,1.371634483394446269e+00,7.433084748953481480e+00,2.413248981933611677e-04,1.002102320603845548e-01
1.255020080321285114e+01,8.898023620054316041e+01,7.512359116521927227e-03,1.914631958675426515e-02,2.526753728135262556e-01,3.158593821039404337e-01,9.069140013331367300e+03,3.821637278661819126e-01,1.499129090756032401e+00,8.858223793881755626e+00,2.913069440611335947e-04,1.002212402828281251e-01
1.265060240963855342e+01,8.767858065325843597e+01,7.574399888418043882e-03,1.902178092706875712e-02,2.441779192973803636e-01,3.224561079166231026e-01,9.342893510617805077e+03,3.974719727857698448e-01,1.643297511846758985e+00,1.059886194062995202e+01,3.536457548601043620e-04,1.002343875079455965e-01
1.275100401606425748e+01,8.626390619626000955e+01,7.647241582625924870e-03,1.889793205589230043e-02,2.361484607413272541e-01,3.281263014107317910e-01,9.586685742520874555e+03,4.132946875274241538e-01,1.805929429733168945e+00,1.272587939476430918e+01,4.314513324305641550e-04,1.002501509132332769e-01
1.285140562248995977e+01,8.475251030378561268e+01,7.724323625602088315e-03,1.876849385433970729e-02,2.285422469733678907e-01,3.329086842466542073e-01,9.801206070713220470e+03,4.295521515748966790e-01,1.988996020982893409e+00,1.532483549470317463e+01,5.286410596075301165e-04,1.002691089309789702e-01
1.295180722891566205e+01,8.315788353550425427e+01,7.804871015435773003e-03,1.862711803807126296e-02,2.213146482985402230e-01,3.368427402103001955e-01,9.987276983462059434e+03,4.461566664065826360e-01,2.194645088403846866e+00,1.849816078387442886e+01,6.501131711703570914e-04,1.002919564926445795e-01
1.305220883534136611e+01,8.149025774226538488e+01,7.890965500989655795e-03,1.847832460838695970e-02,2.144216170207976502e-01,3.399709568055698794e-01,1.014592097383327018e+04,4.630043122951525980e-01,2.425308438215355356e+00,2.237633097101503665e+01,8.021964387084294223e-04,1.003195854933070369e-01
1.315261044176706839e+01,7.975648724382668320e+01,7.977531188414628896e-03,1.831400073605709417e-02,2.078216118354087871e-01,3.423364849177000235e-01,1.027824498066921478e+04,4.800130151144201829e-01,2.683609442545971113e+00,2.711555375424179104e+01,9.927649707514281732e-04,1.003530783947963745e-01
1.325301204819277068e+01,7.795992181995087833e+01,8.065844384093105376e-03,1.813254665985719258e-02,2.014768624599733160e-01,3.439781901644625162e-01,1.038533732248188244e+04,4.971016822988606476e-01,2.972088811425370736e+00,3.288449430465030332e+01,1.231089985676875071e-03,1.003936148595813427e-01
1.335341365461847296e+01,7.610190987662208784e+01,8.155497187677005280e-03,1.793271152039291674e-02,1.953453391358183633e-01,3.449404599617263423e-01,1.046848480171678239e+04,5.141818629736822910e-01,3.293854307570667217e+00,3.990792292175719780e+01,1.529551859078569220e-03,1.004427832280671007e-01
1.345381526104417702e+01,7.418025022515152500e+01,8.246586893407029106e-03,1.771337253044345458e-02,1.893883539658142434e-01,3.452654248591504604e-01,1.052896420573957948e+04,5.311741122948749894e-01,3.652178769812375325e+00,4.845149604237167296e+01,1.903720052324147424e-03,1.005024878829579305e-01
1.355421686746987930e+01,7.218909475627800987e+01,8.339670593077571845e-03,1.747348010546963953e-02,1.835704450762134787e-01,3.449923444514276238e-01,1.056801681425448623e+04,5.480096518267032479e-01,4.050507075451261763e+00,5.883089799054954483e+01,2.373306425000433224e-03,1.005750283184321664e-01
1.365461847389558159e+01,7.011951840010043213e+01,8.435646656004660085e-03,1.721194645855055397e-02,1.778578097145656067e-01,3.441585502876881586e-01,1.058685992074668138e+04,5.646281246256454889e-01,4.492490047228598904e+00,7.141641543384042734e+01,2.963168213748185783e-03,1.006631452893031881e-01
1.375502008032128565e+01,6.795939988628558126e+01,8.535698541747476289e-03,1.692750202714205301e-02,1.722184172506430189e-01,3.427989727938723363e-01,1.058667075704216404e+04,5.809785845005721594e-01,4.981963798601745097e+00,8.663699608463058155e+01,3.704039977963655486e-03,1.007700658600308719e-01
1.385542168674698793e+01,6.569255082586542471e+01,8.641328029473505437e-03,1.661843674412482458e-02,1.666222625848546857e-01,3.409452613574231461e-01,1.056856590012264314e+04,5.970220561419719019e-01,5.522982146775702539e+00,1.049994803794404135e+02,4.636408664952379466e-03,1.008996784482344561e-01
1.395582329317269021e+01,6.329857109081138589e+01,8.754338790300322110e-03,1.628231538876612206e-02,1.610410967895813672e-01,3.386252623295992192e-01,1.053358250765663070e+04,6.127319108930142644e-01,6.119785042803096431e+00,1.270955011945339379e+02,5.813345882424262277e-03,1.010566192135932406e-01
1.405622489959839427e+01,6.075284690602261861e+01,8.876853226337395528e-03,1.591580345743230998e-02,1.554480416767609618e-01,3.358627437461828569e-01,1.048266736643928380e+04,6.280933790968269426e-01,6.776758758069568955e+00,1.536037073544747500e+02,7.302512820290086443e-03,1.012463204321555760e-01
1.415662650602409656e+01,5.802543163286176053e+01,9.011380980975269156e-03,1.551416113041254041e-02,1.498174481884024800e-01,3.326760479848195895e-01,1.041664296926204588e+04,6.431058463673623438e-01,7.498418457449091967e+00,1.853134662115934930e+02,9.197175168000022022e-03,1.014752761628733846e-01
1.425702811244979884e+01,5.508093832981531790e+01,9.160930530015650580e-03,1.507099785489939697e-02,1.441245351012624687e-01,3.290777877979467192e-01,1.033619743504989128e+04,6.577825400761091457e-01,8.289352529357147503e+00,2.231250170789962510e+02,1.162750671610004137e-02,1.017511084287344852e-01
1.435742971887550112e+01,5.187813783645932375e+01,9.328923401264333642e-03,1.457784979684742868e-02,1.383445180635273775e-01,3.250741057095000719e-01,1.024186413288654148e+04,6.721500507821348558e-01,9.154146129828399481e+00,2.680569977763992711e+02,1.477163336674604428e-02,1.020827131264580440e-01
1.445783132530120518e+01,4.837100130190556513e+01,9.519333322548640189e-03,1.402394083157131391e-02,1.324523973687329326e-01,3.206653066916798078e-01,1.013403765890808972e+04,6.862461337778508197e-01,1.009731531637278756e+01,3.212230348210084685e+02,1.892598831869838835e-02,1.024801156491993298e-01
1.455823293172690747e+01,4.450431982016142030e+01,9.737141545653705751e-03,1.339467363581645608e-02,1.264214988128401773e-01,3.158411382002741519e-01,1.001285263922564991e+04,7.001279838727283433e-01,1.112315163483153313e+01,3.839015781535368319e+02,2.445081180693472675e-02,1.029554049758790585e-01
1.465863453815260975e+01,4.021699844969167259e+01,9.988373285727223175e-03,1.267163935285113043e-02,1.202226897643143694e-01,3.105828395465977110e-01,9.878231735476922040e+03,7.138670693531316003e-01,1.223558391838437664e+01,4.574775120488635594e+02,3.202475783237146434e-02,1.035222906547710597e-01
1.475903614457831381e+01,3.544194778994054218e+01,1.028052969295314284e-02,1.183124038582879060e-02,1.138233014142722016e-01,3.048618003280340605e-01,9.729850164102010240e+03,7.275517784969666168e-01,1.343798498807956676e+01,5.434286974542658299e+02,4.280697238001468508e-02,1.041962824541208810e-01
1.485943775100401609e+01,3.010794267909495758e+01,1.062300994628603140e-02,1.084362872434283497e-02,1.071856535123494880e-01,2.986387015079146612e-01,9.567107256459104974e+03,7.412897453378581858e-01,1.473296375261894653e+01,6.433030962607140282e+02,5.897370314420687099e-02,1.049947816927526145e-01
1.495983935742971838e+01,2.414542224856367625e+01,1.102788352630652315e-02,9.670555019052042012e-03,1.002645656618693371e-01,2.918618411686706438e-01,9.389069315391026976e+03,7.552129279635269032e-01,1.612199407109268634e+01,7.586811328852328415e+02,8.538644699039717179e-02,1.059373042011647476e-01
1.506024096385542244e+01,1.750774352017620572e+01,1.151009162636971658e-02,8.264965733342120521e-03,9.300520529921620094e-02,2.844684730491259250e-01,9.194462766318902140e+03,7.694799316403772016e-01,1.760508920651732012e+01,8.911043429785772787e+02,1.347226179024634263e-01,1.070453235746235132e-01
1.516064257028112472e+01,1.027043635120919873e+01,1.208560467284491152e-02,6.576168996575751033e-03,8.534222002781385874e-02,2.763919704545380052e-01,8.981706497407985808e+03,7.842741951041428683e-01,1.918041859948474581e+01,1.041980661603480030e+03,2.518995519549002693e-01,1.083420577116723099e-01
1.526104417670682700e+01,3.280385385401605181e+00,1.274916882903557973e-02,4.601882235606467343e-03,7.721118881933351774e-02,2.676062111034862578e-01,8.749201083658877906e+03,7.997628879225241461e-01,2.084401330299031230e+01,1.212483609716299725e+03,6.739037323720044048e-01,1.098522387159016483e-01
1.536144578313252929e+01,2.815570080194517155e-01,1.335200887530395980e-02,2.711710378677598381e-03,6.865116771477264290e-02,2.583767234540674251e-01,8.497338344423427770e+03,8.157823241413719728e-01,2.259059804029349294e+01,1.403530242319986201e+03,2.368042046273507673e+00,1.116016671543361982e-01
1.546184738955823335e+01,8.735916329380091772e-02,1.381263891512171313e-02,1.509449837320473754e-03,6.004059535035060485e-02,2.492653803996853767e-01,8.232383552020126444e+03,8.314829896020462519e-01,2.441689063386186120e+01,1.616071912999818551e+03,5.183547903530150158e+00,1.136169593053599353e-01
1.556224899598393563e+01,4.376424457991142519e-02,1.426270326797564846e-02,8.370571826282102897e-04,5.182734962452107547e-02,2.403929461261387068e-01,7.961521167688677451e+03,8.464183443716699617e-01,2.632079999602193965e+01,1.851166083039523073e+03,8.560153078119171255e+00,1.159256515496123602e-01
1.566265060240963791e+01,2.480419390730972951e-02,1.471663969967597699e-02,4.643740980689635769e-04,4.425836152397935597e-02,2.317446980717780824e-01,7.689336475377018360e+03,8.604857006857619117e-01,2.829874533530345104e+01,2.109762087235324998e+03,1.251449940140338235e+01,1.185559400833201132e-01
1.576305220883534197e+01,1.493729294456739264e-02,1.517405363593371005e-02,2.578457739128913817e-04,3.744093368035826541e-02,2.233038920169682917e-01,7.418706416200483545e+03,8.736223751245230096e-01,3.034549848089622515e+01,2.392651924187509849e+03,1.708933519469026052e+01,1.215365874253464124e-01
1.586345381526104426e+01,9.304335471769084251e-03,1.563590621004113876e-02,1.434879401134575171e-04,3.140107444369893280e-02,2.150571441188106336e-01,7.151370651567187451e+03,8.857853773747779158e-01,3.245436888884263027e+01,2.700434470500666521e+03,2.233072755699584278e+01,1.248964186101258478e-01
1.596385542168674654e+01,5.926584203132646486e-03,1.610464797703676718e-02,7.995112099346773449e-05,2.611981769231531969e-02,2.069948895452527748e-01,6.888360144718988522e+03,8.969503526001806337e-01,3.461732497326750746e+01,3.033495706398416132e+03,2.828666257907157089e+01,1.286641424285295821e-01
1.606425702811245060e+01,3.824815847066987805e-03,1.658379823637841019e-02,4.453816405561115678e-05,2.155315729293105081e-02,1.991112275966113176e-01,6.630255219439860412e+03,9.071111553077338963e-01,3.682520907840056879e+01,3.391984991199631168e+03,3.500602803584892797e+01,1.328677030399510184e-01
1.616465863453815288e+01,2.488110144122177275e-03,1.707748039395632841e-02,2.508912646455960875e-05,1.764614104061152863e-02,1.914034316148388315e-01,6.377363872713811361e+03,9.162775177706130592e-01,3.906831547849757413e+01,3.775802648391802904e+03,4.253617411208593069e+01,1.375327637458310381e-01
1.626506024096385516e+01,1.626481692842389297e-03,1.759039756650531902e-02,1.422963578077393133e-05,1.433562360651358808e-02,1.838709716165989883e-01,6.129869153322074453e+03,9.244727547986320015e-01,4.133586312666212592e+01,4.184603717239911020e+03,5.092618904270467795e+01,1.426844105873888713e-01
1.636546184738955745e+01,1.066533353524367050e-03,1.812744274079631027e-02,8.100506257021910123e-06,1.155619113454996703e-02,1.765153496153750445e-01,5.887869503063143384e+03,9.317328004925280460e-01,4.361648309304845839e+01,4.617775187614038259e+03,6.022454058393424248e+01,1.483455397321765123e-01
1.646586345381525973e+01,6.991981508471438542e-04,1.869353692211761855e-02,4.649388952834804817e-06,9.244151060120114546e-03,1.693394094816679241e-01,5.651430629065073845e+03,9.381025546523876768e-01,4.589862290836543934e+01,5.074455451097072910e+03,7.047778918659440706e+01,1.545360856486255874e-01
1.656626506024096201e+01,4.583815798596570365e-04,1.929352538552159615e-02,2.696817304333852363e-06,7.338429359702281461e-03,1.623467999639068016e-01,5.420614123038934849e+03,9.436337423330908303e-01,4.817059977225942902e+01,5.553537311832130399e+03,8.173074339639867958e+01,1.612729252929038515e-01
1.666666666666666785e+01,3.003971787801885604e-04,1.993211169369186672e-02,1.578021130468620728e-06,5.781751869618114402e-03,1.555415434278115128e-01,5.195486381871620324e+03,9.483824950141216403e-01,5.042082234811634578e+01,6.053689340408725911e+03,9.402587397440260020e+01,1.685695075515998564e-01
1.676706827309237013e+01,1.962031824846923876e-04,2.061383162559955046e-02,9.310123336412982952e-07,4.521518649527072296e-03,1.489276995016113048e-01,4.976121793212117154e+03,9.524074306829889425e-01,5.263798480193620577e+01,6.573373767748822502e+03,1.074028034207633482e+02,1.764354684590969391e-01
1.686746987951807242e+01,1.280136022998868133e-04,2.134298343500921555e-02,5.543963956649052864e-07,3.510265002927253318e-03,1.425090561935738742e-01,4.762601757555593394e+03,9.557678672438313372e-01,5.481123992825612135e+01,7.110870321688765216e+03,1.218978445442154310e+02,1.848763394820202577e-01
1.696787148594377470e+01,8.365198798191423235e-05,2.212364131284793450e-02,3.343361703569808095e-07,2.705944055689254047e-03,1.362888794004400161e-01,4.555010698842527745e+03,9.585222164197164663e-01,5.693036526830224631e+01,7.664302242072888475e+03,1.375435360123829582e+02,1.938932674436074644e-01
1.706827309236947698e+01,5.420106105153085378e-05,2.295967501962560900e-02,2.036148092349035535e-07,2.071549209594656521e-03,1.302697860521697948e-01,4.353431052769584312e+03,9.607269033550226434e-01,5.898584078150162924e+01,8.231675329583094936e+03,1.543685845970585149e+02,2.034831887195147626e-01
1.716867469879517927e+01,3.502473811493808246e-05,2.385474508309588446e-02,1.257376733970730205e-07,1.575504335196703000e-03,1.244535543069973105e-01,4.157937854837816303e+03,9.624352073065871593e-01,6.096902845336708054e+01,8.810896873671646972e+03,1.723971802881056590e+02,2.136383196177536747e-01
1.726907630522088510e+01,2.268683022382061594e-05,2.481235318254149461e-02,7.870883204652044537e-08,1.190707397847767367e-03,1.188411433642209414e-01,3.968594659734473225e+03,9.636969150408934981e-01,6.287214686377311779e+01,9.399816163336385216e+03,1.916492811792008126e+02,2.243466953423153831e-01
1.736947791164658739e+01,1.472855665852031795e-05,2.583586834125874837e-02,4.966658566712383156e-08,8.944721530841999359e-04,1.134326124228914184e-01,3.785448962991260487e+03,9.645576509067892435e-01,6.468837779073039940e+01,9.996250120985600006e+03,2.121401949996611620e+02,2.355919899197674861e-01
1.746987951807228967e+01,9.417983640699860364e-06,2.692854885333047232e-02,3.150762225249692027e-08,6.680843247002259035e-04,1.082271537473097622e-01,3.608530237227875659e+03,9.650587966966673870e-01,6.641186319139927718e+01,1.059801329449765944e+04,2.338806884577363405e+02,2.473538401425827982e-01
1.757028112449799195e+01,6.334988718188897094e-06,2.809358193933735037e-02,2.012165522774457980e-08,4.962715511318220975e-04,1.032231123665754979e-01,3.437847291806129761e+03,9.652373268990577238e-01,6.803771546204953324e+01,1.120294217453477722e+04,2.568769189136358477e+02,2.596080346539156314e-01
1.767068273092369424e+01,3.891741922759984824e-06,2.933413022875949738e-02,1.290509026492188353e-08,3.667256033530953327e-04,9.841803570190846284e-02,3.273386887363613369e+03,9.651258102436218733e-01,6.956200541219413935e+01,1.180891922951263950e+04,2.811304547549423773e+02,2.723267997930677864e-01
1.777108433734939652e+01,2.338621076817826138e-06,3.065335730102093301e-02,8.304248095327887812e-09,2.697282109813237778e-04,9.380873300918783630e-02,3.115112869131327443e+03,9.647524779443149567e-01,7.098176181494966386e+01,1.241389834258730116e+04,3.066382869023408944e+02,2.854791010700469256e-01
1.787148594377509880e+01,2.070949070404805794e-06,3.205447725165429251e-02,5.438855018390187950e-09,1.975258215189730103e-04,8.939140905212576704e-02,2.962968257251925479e+03,9.641417342887790287e-01,7.229485686916135023e+01,1.301591738936874754e+04,3.333932936233790087e+02,2.990312722973638704e-01
1.797188755020080464e+01,9.082184818347860797e-07,3.354078417818424918e-02,3.562703165216381812e-09,1.440566722486229972e-04,8.516172667148949604e-02,2.816875695032096246e+03,9.633143008509177374e-01,7.349998252356419925e+01,1.361311389917927772e+04,3.613842985085040596e+02,3.129473295397129928e-01
1.807228915662650692e+01,3.588658558972562130e-07,3.511564591825318271e-02,2.288593032167791309e-09,1.046593988814704311e-04,8.111488908036050549e-02,2.676738756334472782e+03,9.622875148245004784e-01,7.459660508061283224e+01,1.420373910639660608e+04,3.905962593332894812e+02,3.271893927961141979e-01
1.817269076305220921e+01,4.168107997815101028e-07,3.678256920515189654e-02,1.544398245667100175e-09,7.577167094368882170e-05,7.724572452083626473e-02,2.542443795754727034e+03,9.610756116177822106e-01,7.558489935168972806e+01,1.478616614058188134e+04,4.210104964328820643e+02,3.417181213434417608e-01
1.827309236947791149e+01,2.841141474532072311e-07,3.854737699378516652e-02,1.027936132922083338e-09,5.510548732625418814e-05,7.356384298109742981e-02,2.414357600224912858e+03,9.596824645291104350e-01,7.645609694252402733e+01,1.535795881435078627e+04,4.527100557438305941e+02,3.565123022600268921e-01
1.837349397590361377e+01,1.789056089984855698e-07,4.040361397719857001e-02,6.716546722427549280e-10,3.952414011159167734e-05,7.003256843873696680e-02,2.291319279358152471e+03,9.581400147135348266e-01,7.723114851250674917e+01,1.591961816169092708e+04,4.854561407317182784e+02,3.714889463420329441e-01
1.847389558232931606e+01,1.252891137123047774e-07,4.236705868809192282e-02,4.348758326085420680e-10,2.808508998368892961e-05,6.666096749784622411e-02,2.173676452930353662e+03,9.564372952978456022e-01,7.790238326939012836e+01,1.646879948890145533e+04,5.193239474127158246e+02,3.866231896508194876e-01
1.857429718875501834e+01,7.167979456966868454e-08,4.444010565600305107e-02,2.794124872530517284e-10,1.980914332778550187e-05,6.344370297543241999e-02,2.061279249504678774e+03,9.545798654212478418e-01,7.847192646749138589e+01,1.700449950653650740e+04,5.542853107915640294e+02,4.018781159719977403e-01
1.867469879518072418e+01,5.020413852492652882e-08,4.662546283809518993e-02,1.816665315944545867e-10,1.396293638947367389e-05,6.037580930524417966e-02,1.953985873138970646e+03,9.525714984233358829e-01,7.894205981816264739e+01,1.752590054336770481e+04,5.903126488994274723e+02,4.172199752508466974e-01
1.877510040160642646e+01,2.367792084022939629e-08,4.892819347304466077e-02,1.152149999717897028e-10,9.744369217386141855e-06,5.745023444630704273e-02,1.851591957385513979e+03,9.504150427720877703e-01,7.931640969594569412e+01,1.803199415425513507e+04,6.273646659379691073e+02,4.326019057401583878e-01
1.887550200803212874e+01,4.430462205159945113e-08,5.135135952428617617e-02,8.415691674998938455e-11,6.987634081256050527e-06,5.466386381716138027e-02,1.754003526780217953e+03,9.481098142425370412e-01,7.959705776267361443e+01,1.852253866963074688e+04,6.654211100431339219e+02,4.480045857190851910e-01
1.897590361445783103e+01,4.733664449881810760e-08,5.390029081076812972e-02,6.455003262509156628e-11,5.114268825888900292e-06,5.201017305655362966e-02,1.661027688722231460e+03,9.456567789400179835e-01,7.978764876888919844e+01,1.899672579747552663e+04,7.044417429265137116e+02,4.633859045433597612e-01
1.907630522088353331e+01,-1.325420725670941364e-07,5.658147365372026560e-02,3.080770581517914087e-11,3.912668058870525193e-06,4.948291152247932118e-02,1.572472066646245366e+03,9.430533695474105915e-01,7.989221785044620106e+01,1.945401229547663388e+04,7.443838624060575739e+02,4.787079427617912386e-01
1.917670682730923559e+01,-2.530399556834374177e-07,5.939977888839508696e-02,-1.651191210802270810e-12,3.035913407812662947e-06,4.707609514981839910e-02,1.488151300017969334e+03,9.402990377808393418e-01,7.991472551174099692e+01,1.989391420715126151e+04,7.852065453361585696e+02,4.939342696589071879e-01
1.927710843373493788e+01,-1.518233481802628791e-08,6.235991178858452111e-02,-6.967067950799200407e-12,2.311659696847200816e-06,4.478429772763505012e-02,1.407892507626781025e+03,9.373919990787964451e-01,7.985909547642988571e+01,2.031613224938365965e+04,8.268702773355931868e+02,5.090331858618533101e-01
1.937751004016064371e+01,8.433684446485718648e-08,6.546835828808128532e-02,-3.914360457249999922e-12,1.764469635809120463e-06,4.260213246572492479e-02,1.331520072900469813e+03,9.343272796338899511e-01,7.972954440424688016e+01,2.072055306979264788e+04,8.693318130769455365e+02,5.239766473908273881e-01
1.947791164658634600e+01,5.040179168068415981e-08,6.873062451800304729e-02,5.493376778508025642e-12,1.315507508888032589e-06,4.052476161791861153e-02,1.258877686852744546e+03,9.311013000238151927e-01,7.952975783435783796e+01,2.110701722761624114e+04,9.125531509516221149e+02,5.387386989445802632e-01
1.957831325301204828e+01,6.043127700729813438e-08,7.215856856245386752e-02,6.784654339548193965e-12,9.764050121640781743e-07,3.854373999992925098e-02,1.189684297382311115e+03,9.277039351423115310e-01,7.926681022018672707e+01,2.147555521511051484e+04,9.564607367473369095e+02,5.532792037896427928e-01
1.967871485943775056e+01,1.692223797494610283e-09,7.575048731433126070e-02,6.212755451539253543e-12,7.038658955299404467e-07,3.665974196411699026e-02,1.123964465625776484e+03,9.241372147299834472e-01,7.893996659839565666e+01,2.182608843846075615e+04,1.001062405623113818e+03,5.676001180378831279e-01
1.977911646586345285e+01,1.990208160665897732e-08,7.952087771694137108e-02,1.173600981186796745e-11,4.927911607530852210e-07,3.486255498432921235e-02,1.061371462120275055e+03,9.203882302516446234e-01,7.855828857456992864e+01,2.215897596061940931e+04,1.046263145450850288e+03,5.816593654820934045e-01
1.987951807228915513e+01,5.943903421468887617e-08,8.346420614120415860e-02,2.031664292477100731e-11,3.451271467480495680e-07,3.315607728452286268e-02,1.002037636989422481e+03,9.164619090250183397e-01,7.811831724270983557e+01,2.247408072364582767e+04,1.092099223315539120e+03,5.954730070337961312e-01
1.997991967871486096e+01,2.481240585457965098e-08,8.759961994053568068e-02,1.326087414849314207e-11,2.287091625907444865e-07,3.152824285356694428e-02,9.455539513080253755e+02,9.123409827346045109e-01,7.763096986377207998e+01,2.277205374561666395e+04,1.138455366911240390e+03,6.089969807963074855e-01
2.008032128514056325e+01,-5.390231286401602606e-08,9.192108851515999601e-02,-3.543552822263582123e-12,1.536677142397906514e-07,2.998285197040554892e-02,8.920492348938129226e+02,9.080308901633683538e-01,7.709280796612841868e+01,2.305268998360080877e+04,1.185367882098465770e+03,6.222451643880360095e-01
2.018072289156626553e+01,-1.203862592847254566e-07,9.645400809292885291e-02,-2.283938588088657966e-11,9.493369008608245831e-08,2.850903386774580883e-02,8.411597076741267074e+02,9.035076074156058734e-01,7.651390053478336029e+01,2.331683086272110449e+04,1.232727918326382451e+03,6.351855468963688578e-01
2.028112449799196781e+01,-1.824951130882249734e-07,1.011946569722809580e-01,-4.562049501734706441e-11,5.621908254133554219e-08,2.710839276096904324e-02,7.929390683813269334e+02,8.987746526502653488e-01,7.589276242049108134e+01,2.356435302802731167e+04,1.280551522848180866e+03,6.478228768079253852e-01
2.038152610441767010e+01,-2.412137932067560527e-07,1.061474453142106644e-01,-7.003952961540773606e-11,3.278625432543555889e-08,2.577710490560460727e-02,7.472502812818897837e+02,8.938279469549306189e-01,7.523306571115290353e+01,2.379571140522829955e+04,1.328798040459604181e+03,6.601501375694838192e-01
2.048192771084337238e+01,-2.891324297413111841e-07,1.113221044031115076e-01,-9.264360156245765916e-11,1.449690494485719084e-08,2.450852301514687415e-02,7.038593049521838338e+02,8.886584061282672975e-01,7.454113288958851058e+01,2.401162237787298000e+04,1.377397908588626706e+03,6.721531404677885124e-01
2.058232931726907466e+01,-3.846011720539021121e-07,1.167018423495334994e-01,-1.291372327348543163e-10,1.229098041252845048e-08,2.331216678493183356e-02,6.630987896596913060e+02,8.832820417679386749e-01,7.380784555569965733e+01,2.421090621668570384e+04,1.426453253258790255e+03,6.838470760567275653e-01
2.068273092369478050e+01,-2.449826560780923749e-07,1.223444320017499504e-01,-1.079736216969845356e-10,3.079640706852738227e-10,2.215878886266294673e-02,6.239522006883820495e+02,8.776431612987622977e-01,7.306135644326158740e+01,2.439752039247288849e+04,1.475644890303448392e+03,6.951963810367998153e-01
2.078313253012048278e+01,-6.702698910737571484e-08,1.282096564049572118e-01,-7.895807605727247873e-11,-3.450067660640685896e-09,2.106874897580022360e-02,5.871271702903029563e+02,8.717805335515291798e-01,7.228206781292666960e+01,2.456871002245975615e+04,1.525195010865802942e+03,7.062258118057147538e-01
2.088353413654618507e+01,6.114218137820457908e-08,1.343054690136980533e-01,-5.532841299202003942e-11,-2.268625094160236337e-09,2.003566177784897595e-02,5.523954582889479070e+02,8.656865437286226372e-01,7.147612632351399498e+01,2.472552489852279177e+04,1.575031818969540609e+03,7.169337770667610910e-01
2.098393574297188735e+01,1.070393303044189718e-07,1.406389274540827683e-01,-4.052350526697803570e-11,8.380108251114325387e-10,1.905470997782818601e-02,5.195863050126195049e+02,8.593544159073328581e-01,7.064816912686063688e+01,2.486871485739566197e+04,1.625101628642282094e+03,7.273176756064936299e-01
2.108433734939758963e+01,9.492698802058651019e-08,1.472161756527776699e-01,-2.798780066629297362e-11,3.132199314064520712e-09,1.812267562163852666e-02,4.885875779813976578e+02,8.527782297746941964e-01,6.980129375444667517e+01,2.499872379682031533e+04,1.675369225194699993e+03,7.373738761477578452e-01
2.118473895582329192e+01,5.179660078510038837e-08,1.540388117864539830e-01,-1.728094498461404654e-11,5.421354484419892572e-09,1.723736390838799190e-02,4.593196731997040843e+02,8.459563902145940117e-01,6.893756722555272631e+01,2.511607418091577711e+04,1.725807558583369882e+03,7.471083641827752642e-01
2.128514056224899420e+01,6.094348592599649453e-09,1.611082275924614615e-01,-7.974523602512992362e-12,8.663561959314722902e-09,1.639665950471328598e-02,4.317056973754038154e+02,8.388874982083094345e-01,6.805897820684390354e+01,2.522128442321214243e+04,1.776390348089892541e+03,7.565274917720795633e-01
2.138554216867470004e+01,-5.307022308809035419e-08,1.684313970174106390e-01,6.827297087120933917e-13,9.742683996898660145e-09,1.559629824062560774e-02,4.055954586133467501e+02,8.315648521781826563e-01,6.716963405387321018e+01,2.531498246693000328e+04,1.827070510111726207e+03,7.656276988092136637e-01
2.148594377510040232e+01,-1.086199274636047322e-07,1.760092834240777060e-01,8.675597308882547303e-12,9.281349115066247132e-09,1.483455513814378908e-02,3.809265346120858453e+02,8.239874749821903821e-01,6.627110288545713956e+01,2.539761028555652956e+04,1.877826187255232071e+03,7.744156756665064867e-01
2.158634538152610460e+01,-1.343211453916120500e-07,1.838398125167395591e-01,1.545657167910031168e-11,9.567462095844086417e-09,1.411106649403609178e-02,3.576839211701652061e+02,8.161572876986269431e-01,6.536358027629762546e+01,2.546949232688048505e+04,1.928649249162403521e+03,7.829031470280218841e-01
2.168674698795180689e+01,-1.261688347096233216e-07,1.919282843593828614e-01,2.177035673105239115e-11,8.846226348150293910e-09,1.342216391177904547e-02,3.357374997221759827e+02,8.080691755526294706e-01,6.445059385241785321e+01,2.553123834949020602e+04,1.979498241091181399e+03,7.910896160507413510e-01
2.178714859437750917e+01,-1.006884694342829791e-07,2.002756654116630564e-01,3.007195704643827312e-11,7.315804264804386035e-09,1.276613316619564474e-02,3.150254748296919729e+02,7.997221753002169420e-01,6.353366700563619673e+01,2.558327899839916427e+04,2.030351641753120248e+03,7.989817200534267139e-01
2.188755020080321145e+01,-1.421826653283620885e-07,2.088794137512642035e-01,4.796183918572753841e-11,6.111632553709646867e-09,1.214286057009994479e-02,2.955423920240254461e+02,7.911187103405844523e-01,6.261263030647978667e+01,2.562588247904366654e+04,2.081204600639250202e+03,8.065917990262831960e-01
2.198795180722891729e+01,-2.238936463181162391e-07,2.177427363302906482e-01,7.460905745416995812e-11,4.833319618273804732e-09,1.154960977663259392e-02,2.771904758855836803e+02,7.822556546810742750e-01,6.169008820160966167e+01,2.565958317219029414e+04,2.132024950312606506e+03,8.139228484975238320e-01
2.208835341365461957e+01,-3.113025437106322158e-07,2.268633115211703133e-01,9.902631135266827576e-11,3.606353030714695335e-09,1.098478343251927877e-02,2.599086622105602373e+02,7.731353344501680214e-01,6.076742113213627050e+01,2.568479833344512735e+04,2.182792599182499998e+03,8.209818282185173954e-01
2.218875502008032186e+01,-9.030745295797903107e-08,2.362181338057241231e-01,3.228516414438266907e-11,2.443696056368422726e-09,1.044802057950128087e-02,2.436593555505972972e+02,7.637807259425830608e-01,5.984458720379994645e+01,2.570181067761147642e+04,2.233501592715834249e+03,8.277795460573288411e-01
2.228915662650602414e+01,3.731075435263995486e-07,2.458123168860675833e-01,-1.085838395222050282e-10,1.511285877988704457e-09,9.937279411916695449e-03,2.283730552845115085e+02,7.541867320801624031e-01,5.892347815090061403e+01,2.571108582427317378e+04,2.284126757411273957e+03,8.343215784657899148e-01
2.238955823293172642e+01,1.075640170929866996e-06,2.556410894090793695e-01,-3.364616842638598719e-10,9.212233109537943673e-10,9.451086753986951902e-03,2.139905605255482044e+02,7.443581254232091160e-01,5.800533123039181760e+01,2.571302754057002676e+04,2.334649426453701381e+03,8.406152693874505699e-01
2.248995983935742871e+01,-9.308920993514284877e-13,2.656676553783869910e-01,-2.377817048808630639e-10,5.506056933057394873e-10,8.988390142195478230e-03,2.004331219562964463e+02,7.343317017348012232e-01,5.709086438442289335e+01,2.570798866094839832e+04,2.385056241257818783e+03,8.466689563255701545e-01
2.259036144578313099e+01,4.534571539113122366e-12,2.759047696043518960e-01,-1.154396130453184280e-10,3.012163112836270144e-10,8.547716157459852790e-03,1.876910622554626400e+02,7.240947067828273909e-01,5.618100547967116398e+01,2.569644746542159191e+04,2.435328508231577871e+03,8.524951270370410006e-01
2.269076305220883683e+01,3.222063226012134289e-13,2.863560976081120368e-01,-5.186768894705996392e-11,1.650325278357991779e-10,8.128724059659097473e-03,1.757594506226056410e+02,7.136434758956864410e-01,5.527599311001347360e+01,2.567850582822276920e+04,2.485461940812970624e+03,8.580961777050990502e-01
2.279116465863453911e+01,7.723749574098626212e-13,2.969990224420893665e-01,-1.011088113345891381e-11,7.258475693187922983e-11,7.729556794670420887e-03,1.645490601954060423e+02,7.030006325137939660e-01,5.437707010268143648e+01,2.565473858056586323e+04,2.535433617679274903e+03,8.634855169538452335e-01
2.289156626506024139e+01,2.391783398058026780e-12,3.078441481863553042e-01,-4.267707330264667616e-12,5.055853766894889698e-11,7.351053725958172670e-03,1.540994429916800073e+02,6.921555697963952536e-01,5.348368611843727649e+01,2.562488440176292352e+04,2.585253862406359531e+03,8.686569768462146790e-01
2.299196787148594368e+01,7.730587154376793417e-13,3.188395416013696804e-01,1.125335645587588757e-11,1.208399627800351792e-11,6.989384525699568473e-03,1.442343990722213789e+02,6.811602323057708297e-01,5.259826981373105070e+01,2.559014698942116229e+04,2.634875818961125333e+03,8.736394800849287545e-01
2.309236947791164596e+01,-4.981100337942706461e-13,3.300099168932742466e-01,6.932231431834773936e-12,1.324855840640533864e-11,6.646580724202011750e-03,1.350479110376095662e+02,6.699898992772514994e-01,5.171948305984504657e+01,2.554989343773496512e+04,2.684324515612006962e+03,8.784180930251755948e-01
2.319277108433734824e+01,-2.574694896324549781e-13,3.413244413417466649e-01,-6.876452455612632550e-12,3.398983673576441698e-11,6.320822159241552482e-03,1.264573106244294962e+02,6.586754076233187760e-01,5.084837168631455739e+01,2.550470761914494506e+04,2.733578070016984839e+03,8.830074367024369764e-01
2.329317269076305053e+01,6.530204669057499043e-14,3.527750028041085617e-01,-1.929634499636039622e-11,5.366046334016152314e-11,6.011409984709892296e-03,1.184301989771394119e+02,6.472248718182717075e-01,4.998540287110187563e+01,2.545480649931524022e+04,2.782627848164321222e+03,8.874125926515405993e-01
2.339357429718875636e+01,4.837330030221084471e-14,3.643446612772731630e-01,-1.965380533608308603e-11,5.184035884355881322e-11,5.717209677981229324e-03,1.109146455485960985e+02,6.356552349197119867e-01,4.913126862163407793e+01,2.540054960198472691e+04,2.831460068531853267e+03,8.916423488879089421e-01
2.349397590361445864e+01,4.043414649523959468e-13,3.760155231970269130e-01,-3.051196367027501194e-11,7.088516549168571482e-11,5.438009898477290556e-03,1.039083208971122048e+02,6.239843878248729769e-01,4.828577785891082641e+01,2.534203356893732780e+04,2.880073501363323430e+03,8.957008317299071098e-01
2.359437751004016093e+01,6.031374403386479137e-13,3.877707395412355873e-01,-3.802600006876199409e-11,8.438526134494211227e-11,5.172588041141287958e-03,9.735456194639691319e+01,6.122291831563013709e-01,4.744970684719617537e+01,2.527964300594391534e+04,2.928453167550396302e+03,8.995972739737136958e-01
2.369477911646586321e+01,3.658651110591206825e-13,3.995932501604868570e-01,-3.571002398647131207e-11,7.983015148244294684e-11,4.919925901984380755e-03,9.120768776496340990e+01,6.004066833970306272e-01,4.662363632722849616e+01,2.521370431427226868e+04,2.976586867062124384e+03,9.033398762725418640e-01
2.379518072289156549e+01,-1.731301260193624134e-13,4.114685398697581764e-01,-2.524893854778684881e-11,5.996425380782843616e-11,4.679393034399931262e-03,8.544342883363189856e+01,5.885314041110338845e-01,4.580779826359056983e+01,2.514442941987237282e+04,3.024467666493911111e+03,9.069346385420002932e-01
2.389558232931726778e+01,-5.068059406372907988e-13,4.233849614604056621e-01,-1.491731815916325786e-11,3.978282179322217025e-11,4.450718895925863221e-03,8.005748825766443133e+01,5.766149911486606605e-01,4.500210469994200935e+01,2.507192329929057814e+04,3.072093519829955767e+03,9.103854763610077505e-01
2.399598393574297006e+01,-8.059836628357871223e-13,4.353256514292801471e-01,-1.004399288317689073e-12,1.199920773008085959e-11,4.232978348049184179e-03,7.500924280020194601e+01,5.646743098144788586e-01,4.420704955424448457e+01,2.499648544935959580e+04,3.119453491839221442e+03,9.137000963139131349e-01
2.409638554216867590e+01,-8.677004261787356761e-13,4.472803919216088997e-01,1.003954295187926503e-11,-1.083637616794937997e-11,4.025911696292347637e-03,7.029560688802584423e+01,5.527195766582232439e-01,4.342253194429859064e+01,2.491821357651258950e+04,3.166545859977360124e+03,9.168822904228022264e-01
2.419678714859437818e+01,-5.899036512761849194e-13,4.592354489378520088e-01,1.613021460830127243e-11,-2.497844242346515883e-11,3.828940489133436306e-03,6.589536288409770748e+01,5.407645258362587803e-01,4.264873671910496000e+01,2.483730305038569350e+04,3.213364445039711427e+03,9.199377408901125985e-01
2.429718875502008046e+01,-2.167248285407634423e-14,4.711765781159427124e-01,1.666266822510848537e-11,-2.916939284484567402e-11,3.641517593890708678e-03,6.178665195388276743e+01,5.288234019191436763e-01,4.188581873882264262e+01,2.475393883430183632e+04,3.259903549301797284e+03,9.228718899873497028e-01
2.439759036144578275e+01,2.476738316274855529e-13,4.830887937769087204e-01,1.516784674290569555e-11,-2.860842485908407705e-11,3.463323683514384337e-03,5.795136158345538036e+01,5.169111904921910305e-01,4.113372137939882833e+01,2.466823301253289537e+04,3.306160825856710744e+03,9.256886229882757000e-01
2.449799196787148503e+01,3.331238996140099076e-13,4.949586913015432410e-01,9.130885556646072233e-12,-1.869437801914194429e-11,3.293808186547746500e-03,5.436992188377768542e+01,5.050412961985866200e-01,4.039260454724049509e+01,2.458037243329576086e+04,3.352130484188640821e+03,9.283934581543914488e-01
2.459839357429718731e+01,3.009013790039023705e-13,5.067731275161879712e-01,1.992378155168872096e-12,-5.796241789826065982e-12,3.132596344847596304e-03,5.102378483187865044e+01,4.932268624597774265e-01,3.966246558896641261e+01,2.449048519632858370e+04,3.397809417026795472e+03,9.309905417267425598e-01
2.469879518072289315e+01,1.878714766227634755e-13,5.185188306981406425e-01,-3.490189286701976784e-12,5.046624894014325358e-12,2.979296050419750607e-03,4.789430761296202377e+01,4.814811612021756559e-01,3.894331774805228719e+01,2.439870533268452346e+04,3.443194247738515514e+03,9.334841645020638401e-01
2.479919678714859543e+01,-6.690090142220378968e-14,5.301822693398990927e-01,-7.210576915548726813e-12,1.387165842957710515e-11,2.833454494928108486e-03,4.496297000935079069e+01,4.698177239727020504e-01,3.823523028663236545e+01,2.430518759600357225e+04,3.488280656618507692e+03,9.358791218402088274e-01
2.489959839357429772e+01,-1.390931486447443278e-13,5.417554421880229620e-01,-8.669496116123886688e-12,1.804127823825238361e-11,2.694780291588175399e-03,4.222249798981380309e+01,4.582445522443709951e-01,3.753813373105077744e+01,2.421003089916046520e+04,3.533066814547483318e+03,9.381788372273892618e-01
2.500000000000000000e+01,3.734141720237509508e-15,5.532257210224680311e-01,-6.690727380985174986e-12,1.526455262405093093e-11,2.562867290015308566e-03,3.965595958559374878e+01,4.467742743656009652e-01,3.685205577228024509e+01,2.411337396062014886e+04,3.577549124201034829e+03,9.403877138124863144e-01
